"相对路径","字节数","SHA256","原包声明来源","来源状态","权利人与许可证","允许软件分发及论文复用","授权或许可证据文件","署名要求","可检索引用文件","备注","同内容文件","审核者","审核日期"
"assets/anatomy/appendiceal_orifice.jpg","23450","a89c5fb12b721822f13f3db9bff0e803dcdcb85c570c5c9e4be96554d843b335","https://www.frontiersin.org/journals/medicine/articles/10.3389/fmed.2026.1857599/full","原包声明线索，待核实","待核实","待确认","","待核实","v5.js | v6.js","阑尾开口；原包部位标注待签审","","",""
"assets/anatomy/ascending_colon.jpg","26418","decadeb0c3e1050e4fe4de2b0dcbd9f7951564807d86288c3ac9e6f8e02ab641","https://www.frontiersin.org/journals/medicine/articles/10.3389/fmed.2026.1857599/full","原包声明线索，待核实","待核实","待确认","","待核实","v5.js","升结肠；原包部位标注待签审","","",""
"assets/anatomy/cardia_fundus.jpg","28156","465a23c4cb2cad8d03e16a7ee29c6d1415aeaf61840535002cb9111e008dd456","https://journals.sagepub.com/doi/10.1177/1756284820916693","原包声明线索，待核实","待核实","待确认","","待核实","v5.js","贲门 + 胃底（反转位）；原包部位标注待签审","","",""
"assets/anatomy/descending_colon.jpg","24907","f8087853541eaa4fd5179c30a5fd24cc599d89e8e58d9bf75f48d586e6bfa6b9","https://www.frontiersin.org/journals/medicine/articles/10.3389/fmed.2026.1857599/full","原包声明线索，待核实","待核实","待确认","","待核实","v5.js","降结肠；原包部位标注待签审","","",""
"assets/anatomy/distal_esophagus.jpg","23817","2a0b057b18e9055352500da8657b1e9506483d56f4b6456dbcf2838a4bd2ee62","https://journals.sagepub.com/doi/10.1177/1756284820916693","原包声明线索，待核实","待核实","待确认","","待核实","v5.js","下段食管；原包部位标注待签审","","",""
"assets/anatomy/duodenal_bulb.jpg","25232","93d2748cbbf2c78f2cf79280f3a0d16f17d9c7575e878c709280ccba07efecbe","https://journals.sagepub.com/doi/10.1177/1756284820916693","原包声明线索，待核实","待核实","待确认","","待核实","v5.js","十二指肠球部；原包部位标注待签审","","",""
"assets/anatomy/duodenum_d2.jpg","36725","b44987423d93387ff94a26d8f2edebc3b01d4b066097c2be89488ae2109ef26b","https://journals.sagepub.com/doi/10.1177/1756284820916693","原包声明线索，待核实","待核实","待确认","","待核实","v5.js","十二指肠降部；原包部位标注待签审","","",""
"assets/anatomy/gastric_angle.jpg","24413","310a1fdb8480dc913c49357b0c7cb7b5a8af62eb82e5e672e8894f0c6a8b2a73","https://journals.sagepub.com/doi/10.1177/1756284820916693","原包声明线索，待核实","待核实","待确认","","待核实","v5.js","胃角；原包部位标注待签审","","",""
"assets/anatomy/gastric_antrum.jpg","25037","11c828ba0166c86bcd81f85e66fee32763753303ebb476cccec51df8f562c9d3","https://journals.sagepub.com/doi/10.1177/1756284820916693","原包声明线索，待核实","待核实","待确认","","待核实","v5.js","胃窦；原包部位标注待签审","","",""
"assets/anatomy/gastric_body_forward.jpg","28317","1595baaa2387edd60a6d40bae15bd321283019d82b63d9fdc8ee2ede4dae8f05","https://journals.sagepub.com/doi/10.1177/1756284820916693","原包声明线索，待核实","待核实","待确认","","待核实","v5.js","胃体前视（含小弯）；原包部位标注待签审","","",""
"assets/anatomy/gastric_body_retro.jpg","24948","e3016c3dca434fe62f98205890ee94cba2b29a441a19e502c4998d98ba5c46b1","https://journals.sagepub.com/doi/10.1177/1756284820916693","原包声明线索，待核实","待核实","待确认","","待核实","v5.js","胃体反转（含大弯）；原包部位标注待签审","","",""
"assets/anatomy/hepatic_flexure.jpg","27961","ac211a82b434800fc06a6487de1e3ffcc5f57b34015bfcd966c9da7b7ecaeb5d","https://www.frontiersin.org/journals/medicine/articles/10.3389/fmed.2026.1857599/full","原包声明线索，待核实","待核实","待确认","","待核实","v5.js","肝曲；原包部位标注待签审","","",""
"assets/anatomy/major_papilla.jpg","30417","2aa1cf328714180cdcd1bca46dc0b4fe773076e71bf63916643232e1cb83b3d3","https://journals.sagepub.com/doi/10.1177/1756284820916693","原包声明线索，待核实","待核实","待确认","","待核实","v5.js","十二指肠大乳头；原包部位标注待签审","","",""
"assets/anatomy/rectosigmoid.jpg","25467","b22e909bf51a92217c36c434d757f2038e13cb56623e12f63b1154619004d631","https://www.frontiersin.org/journals/medicine/articles/10.3389/fmed.2026.1857599/full","原包声明线索，待核实","待核实","待确认","","待核实","v5.js","直乙交界附近；原包部位标注待签审","","",""
"assets/anatomy/rectum.jpg","26195","f4ea73a79289e01d1dd129fd9eaa486c35c1c110bbdccf85990a6eb5526d20e7","https://www.frontiersin.org/journals/medicine/articles/10.3389/fmed.2026.1857599/full","原包声明线索，待核实","待核实","待确认","","待核实","v5.js","直肠；原包部位标注待签审","","",""
"assets/anatomy/sigmoid_colon.jpg","24154","0044299652cc409da72cb7b21a611f24119fa0d6e50484918a9cd4ead7c09c71","https://www.frontiersin.org/journals/medicine/articles/10.3389/fmed.2026.1857599/full","原包声明线索，待核实","待核实","待确认","","待核实","v5.js | v6.js","乙状结肠；原包部位标注待签审","","",""
"assets/anatomy/terminal_ileum.jpg","28690","7297a7fd470c2ceefe6751ce6fe488099a5d8e3e156c266cd8f8b1521e3ff638","https://www.frontiersin.org/journals/medicine/articles/10.3389/fmed.2026.1857599/full","原包声明线索，待核实","待核实","待确认","","待核实","v5.js","回肠末端；原包部位标注待签审","","",""
"assets/anatomy/transverse_colon.jpg","28310","96380192027447c34580c4bb6f19a8267b49b373bf29785bd8a6e1b9ea46fb0a","https://www.frontiersin.org/journals/medicine/articles/10.3389/fmed.2026.1857599/full","原包声明线索，待核实","待核实","待确认","","待核实","v5.js","横结肠；原包部位标注待签审","","",""
"assets/anatomy/upper_esophagus.jpg","18896","a15da7a849eb97ee230b494816627722e21fac9357e5c8baba61b7eb5a97350e","https://journals.sagepub.com/doi/10.1177/1756284820916693","原包声明线索，待核实","待核实","待确认","","待核实","v5.js","上段食管；原包部位标注待签审","","",""
"assets/anatomy/zline.jpg","26108","945d86c4a94307016a9906aae24d52c2de073804658bbd33bfe3afc6ebf1608d","https://journals.sagepub.com/doi/10.1177/1756284820916693","原包声明线索，待核实","待核实","待确认","","待核实","v5.js | v6.js","Z线 / 食管胃结合部；原包部位标注待签审","","",""
"assets/app/icon-192.png","1257","94821d8047b41055951939d8b806b92aca81cf04b8bcffb61e930753dffc8b77","","待溯源","待核实","待确认","","待核实","index.html","","","",""
"assets/app/icon-512.png","3683","b1e8029d7cb998fa59140cc67605ed3b8870baaacf50631706c84af306d19c45","","待溯源","待核实","待确认","","待核实","","","","",""
"assets/cases/barrett_esophagus.jpg","23485","93a098c7d2980e03579aa9ec7018375a320d7e4f62d4a87eddece3f2547cc1d5","https://commons.wikimedia.org/wiki/File:Barretts_esophagus.jpg","原包声明线索，待核实","待核实","待确认","","待核实","local_images.js","barrett · Wikimedia Commons · source page lists license/permission","","",""
"assets/cases/crohn_colitis.jpg","74241","9f92e5f5eeb3206c69422d3cc417f1b3f8033930925bfad41d6e55a7c8047d4d","https://commons.wikimedia.org/wiki/File:CD_colitis_2.jpg","原包声明线索，待核实","待核实","待确认","","待核实","local_images.js | v20.js","crohn · Wikimedia Commons · source page lists license","","",""
"assets/cases/early_gastric_cancer.jpg","283059","c8548fdcb34ba5180448a0409b2d4b160ff4e80c32ca38b5b5c29cd92e895c0d","https://commons.wikimedia.org/wiki/File:Early_stomach_cancer_2a.jpg","原包声明线索，待核实","待核实","待确认","","待核实","local_images.js | v20.js","egc · Med Chaos · CC BY-SA 3.0","assets/procedure/lesions/esd_early_gastric_cancer.jpg","",""
"assets/cases/ercp_stone.jpg","94487","239eb20987eca50a7fd358597e53eaf5d2f8af1808917ae318886e3b7fe11a8b","https://commons.wikimedia.org/wiki/File:ERCP_stone.jpg","原包声明线索，待核实","待核实","待确认","","待核实","local_images.js | v6.js","ercpStone · Samir · CC BY-SA 3.0/GFDL · Wikimedia Commons","assets/procedure/lesions/ercp_stone.jpg","",""
"assets/cases/esophageal_candidiasis.jpg","32410","279443df5a22ec190d4674940d8fa066b966b057bcff7f7fe9545992200563ce","https://commons.wikimedia.org/wiki/File:Esophageal_candidiasis.jpg","原包声明线索，待核实","待核实","待确认","","待核实","local_images.js","candida · Wikimedia Commons · source page lists license","","",""
"assets/cases/esophageal_varices.jpg","15873","7463d9b82f8a0ec783c612d7c79554a2f44662494892f2dc168425f57c97a999","https://commons.wikimedia.org/wiki/File:Esophageal_varices_-_wale.jpg","原包声明线索，待核实","待核实","待确认","","待核实","local_images.js","varix · Samir · Wikimedia Commons source page","","",""
"assets/cases/gastric_ulcer_antrum.jpg","107292","78e644e81dbb5df59063dccbeecc2830e15a1c7947e6b2610c5aeee2d795bef4","https://commons.wikimedia.org/wiki/File:Gastric_Ulcer_Antrum.jpg","原包声明线索，待核实","待核实","待确认","","待核实","local_images.js","gastricAntrum · Med_Chaos · Public domain · Wikimedia Commons","","",""
"assets/cases/gave_before_after.png","686194","938e49b1b546bb64f634ad9f69af9c1f03e3e9e5e73ba86824bf574d95ce82d0","https://commons.wikimedia.org/wiki/File:Gastric_antral_vascular_ectasia_(before_and_after).png","原包声明线索，待核实","待核实","待确认","","待核实","local_images.js","gave · Wikimedia Commons · CC BY-SA source page","assets/procedure/lesions/apc_gave.png","",""
"assets/cases/gist.jpg","80869","2f709c12daaab682e347a92b8f0e8225c3d37867a43d9962bd88715bd955ed8e","https://commons.wikimedia.org/wiki/File:GIST_2.jpg","原包声明线索，待核实","待核实","待确认","","待核实","local_images.js","gist · Wikimedia Commons · source page lists license","","",""
"assets/cases/poem_procedure_2013.jpg","346385","c83214f193d50cb7a2c00eb1d71a132aa4c293c4d33806a8db6d7ce2d1993da8","https://commons.wikimedia.org/wiki/File:POEM_Procedure_2013_Cropped.jpg","原包声明线索，待核实","待核实","待确认","","待核实","local_images.js","poemPhoto · Mgaidhane · CC BY-SA 4.0 · Wikimedia Commons","","",""
"assets/cases/portal_hypertensive_gastropathy.jpg","64255","ccee3fcddf88b9c049cd8058118dc7a0cd9c693b54cfcd1cbdb292dd54066ad6","https://commons.wikimedia.org/wiki/File:PHGastro.jpg","原包声明线索，待核实","待核实","待确认","","待核实","local_images.js","phg · Samir · GFDL / CC BY-SA 3.0 · Wikimedia Commons","","",""
"assets/cases/ulcerative_colitis.jpg","73480","d6b3a08c7ef2ca5097469c89352c0c67b77adb692eae44b3b9bbccdf69859de2","https://commons.wikimedia.org/wiki/File:Ulcerative_colitis.jpg","原包声明线索，待核实","待核实","待确认","","待核实","local_images.js","uc · Wikimedia Commons · source page lists license","","",""
"assets/cases/ulcer_visible_vessel.jpg","140408","898329656c0f8b62fb8dfdccbe2a67d0b885b5ef724d1d8ed18f451e0e5c2e63","https://commons.wikimedia.org/wiki/File:Ulcer_Visible_Vessel.jpg","原包声明线索，待核实","待核实","待确认","","待核实","local_images.js | v20.js","ulcer · Jeremias · CC BY-SA 3.0","","",""
"assets/colon_splenic_flexure.jpg","79672","d9db7fd638db7c62230501d3435a687710130a9d61aa48feba2ba19007a421dc","https://commons.wikimedia.org/wiki/File:Colonoscopy_splenic_flexure.jpg","原包声明线索，待核实","待核实","待确认","","待核实","v4_data.js | v5.js","splenicVerified · melvil · CC BY-SA 4.0 · Wikimedia Commons | 脾曲；原包部位标注待签审","","",""
"assets/gastric_angle_verified.jpg","16709","86bb33e411f11724623525c88759d38900d673a9f0bd4fffabb03a644f179430","https://www.wjgnet.com/1007-9327/full/v21/i3/WJG-21-759-g020.htm","原包声明线索，待核实","待核实","待确认","","待核实","v4_data.js","angleVerified · Lee SH et al. World J Gastroenterol 2015 · CC BY-NC 4.0 · cropped for teaching","","",""
"assets/gastric_angle_wjg.jpg","76766","5319e7c0445e87b28f01849ed710f774f9621c92e1cfe9d633e65c1cbecdd1b4","","待溯源","待核实","待确认","","待核实","","","","",""
"assets/procedure/lesions/apc_gave.png","686194","938e49b1b546bb64f634ad9f69af9c1f03e3e9e5e73ba86824bf574d95ce82d0","","待溯源","待核实","待确认","","待核实","","","assets/cases/gave_before_after.png","",""
"assets/procedure/lesions/apc_gave_before.png","322637","5a378c1e68fccf566d021c5aa8f34585ea33e03cd78124de8c5998990190ba68","","待溯源","待核实","待确认","","待核实","v6.js","","","",""
"assets/procedure/lesions/apc_sequence_full.webp","183394","9ef4e0fe4b614039594f30df1a85dbc561ca1f241af92a67f50756106a7693bb","","待溯源","待核实","待确认","","待核实","","","","",""
"assets/procedure/lesions/emr_sequence_full.png","1444914","1073d1d7f68e26f6e5af576be8360eadcdf7caeccec10e597de05caf811d22d5","","待溯源","待核实","待确认","","待核实","","","","",""
"assets/procedure/lesions/emr_sigmoid_adenoma.jpg","342881","902098fd3c4fc86651f73e0d4182d06c61c640522b13fe5e0fda071db2f7c2eb","","待溯源","待核实","待确认","","待核实","v20.js | v6.js","","","",""
"assets/procedure/lesions/ercp_stone.jpg","94487","239eb20987eca50a7fd358597e53eaf5d2f8af1808917ae318886e3b7fe11a8b","","待溯源","待核实","待确认","","待核实","local_images.js | v6.js","","assets/cases/ercp_stone.jpg","",""
"assets/procedure/lesions/esd_early_gastric_cancer.jpg","283059","c8548fdcb34ba5180448a0409b2d4b160ff4e80c32ca38b5b5c29cd92e895c0d","","待溯源","待核实","待确认","","待核实","","","assets/cases/early_gastric_cancer.jpg","",""
"assets/procedure/lesions/esd_early_gastric_cancer_close.jpg","98343","5cd81bbca056b1761e4e9756fb0070bea49550a31f7aa4fe7a9ec0b922d159d5","","待溯源","待核实","待确认","","待核实","v6.js","","","",""
"assets/procedure/lesions/esd_sequence_full.jpg","310322","5581b5c99907dac839b2e9f11066d41cb11144f4131b340930f7abd217a6ee49","","待溯源","待核实","待确认","","待核实","","","","",""
"assets/procedure/lesions/v7/apc_01_before.jpg","55654","14b454dd020deaa171a67ae60715eaa43cc1524a3f37255e8ff89d1c710427d0","","待溯源","待核实","待确认","","待核实","v23.js | v7.js | v8.js | v9.js","APC教程；指南链接仅作教学参考：https://www.asge.org/docs/default-source/education/practice_guidelines/doc-b4349a10-9b72-463e-ac70-f394c7aa20b4.pdf","","",""
"assets/procedure/lesions/v7/apc_02_during.jpg","50374","b8a84dbdcb8519d845f18398899912ad436a828fb81ab95922670adf95db31f9","","待溯源","待核实","待确认","","待核实","v23.js | v7.js | v8.js | v9.js","APC教程；指南链接仅作教学参考：https://www.asge.org/docs/default-source/education/practice_guidelines/doc-b4349a10-9b72-463e-ac70-f394c7aa20b4.pdf","","",""
"assets/procedure/lesions/v7/apc_03_after.jpg","57593","698793e88625a92e7da71babcd4d55baa894e67b43b27db56098976aad52ab6b","","待溯源","待核实","待确认","","待核实","v23.js | v7.js | v8.js | v9.js","APC教程；指南链接仅作教学参考：https://www.asge.org/docs/default-source/education/practice_guidelines/doc-b4349a10-9b72-463e-ac70-f394c7aa20b4.pdf","","",""
"assets/procedure/lesions/v7/emr_01_lesion.jpg","65185","b87e66e4828d9a80ad3695fde0a406594de8e518fec4e0bd0546478dcca1f20f","","待溯源","待核实","待确认","","待核实","v14.js | v15.js | v16.js | v23.js | v7.js | v8.js | v9.js","EMR教程；指南链接仅作教学参考：https://www.asge.org/home/resources/publications/guidelines/endoscopic-removal-of-colorectal-lesions-recommendations-by-the-us-multi-society-task-force-on-colorectal-cancer","","",""
"assets/procedure/lesions/v7/emr_02_lift.jpg","71769","6da854ffbc2f0e9ab133cf59dbd2eea9586495b0a0825d31948ddad0ad0fed93","","待溯源","待核实","待确认","","待核实","v14.js | v15.js | v16.js | v23.js | v7.js | v8.js | v9.js","EMR教程；指南链接仅作教学参考：https://www.asge.org/home/resources/publications/guidelines/endoscopic-removal-of-colorectal-lesions-recommendations-by-the-us-multi-society-task-force-on-colorectal-cancer","","",""
"assets/procedure/lesions/v7/emr_03_snare.jpg","57905","3f8c16a09115793d6e699cf1fa002389c980381e60d26449829e5b71c636b2a4","","待溯源","待核实","待确认","","待核实","v14.js | v15.js | v16.js | v23.js | v7.js | v8.js | v9.js","EMR教程；指南链接仅作教学参考：https://www.asge.org/home/resources/publications/guidelines/endoscopic-removal-of-colorectal-lesions-recommendations-by-the-us-multi-society-task-force-on-colorectal-cancer","","",""
"assets/procedure/lesions/v7/emr_04_defect.jpg","65299","463b62eeb4a3db44e72fbca5334a7b02432829a8c9780138b6da004951b14ad2","","待溯源","待核实","待确认","","待核实","v14.js | v15.js | v16.js | v7.js | v8.js | v9.js","","","",""
"assets/procedure/lesions/v7/esd_01_marking.jpg","43203","207ff8ea8171822cca55eed11e0c329b89a704bcc57472ba850277392161cf2d","","待溯源","待核实","待确认","","待核实","v14.js | v15.js | v16.js | v23.js | v7.js | v8.js | v9.js","ESD教程；指南链接仅作教学参考：https://www.asge.org/home/resources/publications/guidelines/american-society-for-gastrointestinal-endoscopy-guideline-on-endoscopic-submucosal-dissection-for-the-management-of-early-esophageal-and-gastric-cancers--methodology-and-review-of-evidence","","",""
"assets/procedure/lesions/v7/esd_02_lift.jpg","33952","10581ac956210b39db5de14d63fcdce3bb09b1b8f3d5e0814201aa0a3df44701","","待溯源","待核实","待确认","","待核实","v14.js | v15.js | v16.js | v23.js | v7.js | v8.js | v9.js","ESD教程；指南链接仅作教学参考：https://www.asge.org/home/resources/publications/guidelines/american-society-for-gastrointestinal-endoscopy-guideline-on-endoscopic-submucosal-dissection-for-the-management-of-early-esophageal-and-gastric-cancers--methodology-and-review-of-evidence","","",""
"assets/procedure/lesions/v7/esd_03_incision.jpg","30398","09fdd5c1f4a46363a439d8041658698fadd45953a610ff8e76987ad0d58b80fe","","待溯源","待核实","待确认","","待核实","v14.js | v15.js | v16.js | v23.js | v7.js | v8.js | v9.js","ESD教程；指南链接仅作教学参考：https://www.asge.org/home/resources/publications/guidelines/american-society-for-gastrointestinal-endoscopy-guideline-on-endoscopic-submucosal-dissection-for-the-management-of-early-esophageal-and-gastric-cancers--methodology-and-review-of-evidence","","",""
"assets/procedure/lesions/v7/esd_04_flap.jpg","33980","0c953c46848122366f2f23253b5e88a05c0447b79354a4a1241c68463b8621a0","","待溯源","待核实","待确认","","待核实","v14.js | v15.js | v16.js | v7.js | v8.js | v9.js","","","",""
"assets/procedure/lesions/v7/esd_05_bleeding_sim.jpg","31149","1257435009f1ff1b05ebb2c101b358ca158af1061e02a16741197e36d8aa2de2","","待溯源","待核实","待确认","","待核实","v14.js | v15.js | v16.js | v7.js | v8.js | v9.js","","","",""
"assets/procedure/lesions/v7/esd_05_dissection.jpg","31318","43a9df0e2602ac9ff5d527380b09e90fb43e363096c86ec0dc239795102bc2af","","待溯源","待核实","待确认","","待核实","v14.js | v15.js | v16.js | v23.js | v7.js | v8.js | v9.js","ESD教程；指南链接仅作教学参考：https://www.asge.org/home/resources/publications/guidelines/american-society-for-gastrointestinal-endoscopy-guideline-on-endoscopic-submucosal-dissection-for-the-management-of-early-esophageal-and-gastric-cancers--methodology-and-review-of-evidence","","",""
"assets/procedure/lesions/v7/esd_06_defect.jpg","33988","186ba65e1969d76749774d1c3ae0a9a81899f1b515f806214a30a5012c9f3820","","待溯源","待核实","待确认","","待核实","v14.js | v15.js | v16.js | v23.js | v7.js | v8.js | v9.js","ESD教程；指南链接仅作教学参考：https://www.asge.org/home/resources/publications/guidelines/american-society-for-gastrointestinal-endoscopy-guideline-on-endoscopic-submucosal-dissection-for-the-management-of-early-esophageal-and-gastric-cancers--methodology-and-review-of-evidence","","",""
"assets/procedure/lesions/v8/emr_05_closure.jpg","65860","36ed43ac6e3e8f33d91aa8750f50780c622b02a63e13be46e0547ddf71ce4042","","待溯源","待核实","待确认","","待核实","v14.js | v15.js | v16.js | v23.js | v8.js | v9.js","EMR教程；指南链接仅作教学参考：https://www.asge.org/home/resources/publications/guidelines/endoscopic-removal-of-colorectal-lesions-recommendations-by-the-us-multi-society-task-force-on-colorectal-cancer","","",""
"assets/procedure/lesions/v8/erat_01.png","24939","21077910d34520a9e2f7b607d06400124ffee0ee808be59b3f45c8e990bf2bcd","","待溯源","待核实","待确认","","待核实","v8.js | v9.js","","","",""
"assets/procedure/lesions/v8/erat_02.png","26170","35af5b50633bb60a927476e163cccc603ffec6c3a34c87abc3d52b68e3de6272","","待溯源","待核实","待确认","","待核实","v8.js | v9.js","","","",""
"assets/procedure/lesions/v8/erat_03.png","26373","2c46663d72d00923e613d0cf3ec6f046f93368c2f8b6efd84e4f06026c995942","","待溯源","待核实","待确认","","待核实","v8.js | v9.js","","","",""
"assets/procedure/lesions/v8/erat_04.png","24318","de6360e11f8f91659ac0acb3c9259593330f9a641f246109c5e9ee2bc8be3437","","待溯源","待核实","待确认","","待核实","v8.js | v9.js","","","",""
"assets/procedure/lesions/v8/ercp_01_papilla.png","24519","0acd96d284309ffcadc1df0194e1f8353e906f27978de6fec4603bb21d42d3e9","","待溯源","待核实","待确认","","待核实","v8.js | v9.js","","","",""
"assets/procedure/lesions/v8/ercp_02_wire.png","26066","894244ef89b50051c3317713e86f10f9e43258bd3444a256135c8d2907572a0f","","待溯源","待核实","待确认","","待核实","v8.js | v9.js","","","",""
"assets/procedure/lesions/v8/ercp_03_balloon.png","8508","9d2d057b0d1a253d639fab6cf153a78bbf96d67842dd379430e8b89bb782acf3","","待溯源","待核实","待确认","","待核实","v8.js | v9.js","","","",""
"assets/procedure/lesions/v8/ercp_04_clear.png","6927","5e645a043029225080ddfd51e671198c91079b81bec78bba490801e94ac78c26","","待溯源","待核实","待确认","","待核实","v8.js | v9.js","","","",""
"assets/procedure/lesions/v8/evl_01.png","23590","b3cb3f0d4283d9668273ded30f8986b6bd3c1a4ad592adfbe95c6e99eed96994","","待溯源","待核实","待确认","","待核实","v11.js | v23.js | v8.js | v9.js","","","",""
"assets/procedure/lesions/v8/evl_02.png","25225","53bca9df59af6ad1432e86d5d23110b89ccc18ebf4bd61ea9e0ca2ebcb779beb","","待溯源","待核实","待确认","","待核实","v11.js | v23.js | v8.js | v9.js","","","",""
"assets/procedure/lesions/v8/evl_03.png","24094","7e7002e55dc7c7d6e559116e892cc12220a9288bf55fe68a590b4c73b7db4ce9","","待溯源","待核实","待确认","","待核实","v11.js | v23.js | v8.js | v9.js","","","",""
"assets/procedure/lesions/v8/fna_01.png","7960","9ad47030761dd0a0a602b9006d289cd738a0d01468a2c39e4c874f9e3eac7ebc","","待溯源","待核实","待确认","","待核实","v8.js | v9.js","","","",""
"assets/procedure/lesions/v8/fna_02.png","8879","115befb7bfed5828caea47533b8b1209f11bc1fba9b78dd5248e9bc9f1587d0f","","待溯源","待核实","待确认","","待核实","v8.js | v9.js","","","",""
"assets/procedure/lesions/v8/fna_03.png","8378","10e46f9571810df5071c4583904a05e9257ac4986609a4d0e9725373679527e0","","待溯源","待核实","待确认","","待核实","v8.js | v9.js","","","",""
"assets/procedure/lesions/v8/fna_04.png","9086","288c9f68cd9e9a9bb7f50f6266bd9fd1534ac56be6cb9d8e0b7eca9602dacffc","","待溯源","待核实","待确认","","待核实","v8.js | v9.js","","","",""
"assets/procedure/lesions/v8/poem_01.png","25748","008035764a2568d0509cc6c53f96909fb12da5dd861a83fc7fde2c510870e135","","待溯源","待核实","待确认","","待核实","v8.js | v9.js","","","",""
"assets/procedure/lesions/v8/poem_02.png","25811","8fef07ca770def53b590130d0634d439bf35098f0db1717aafa9df71d0f769c6","","待溯源","待核实","待确认","","待核实","v8.js | v9.js","","","",""
"assets/procedure/lesions/v8/poem_03.png","25513","e04ea65d96af236da1d0813ef3fb9da121d9ab5d08db9052d8f59a5d1fc4e8a2","","待溯源","待核实","待确认","","待核实","v8.js | v9.js","","","",""
"assets/procedure/lesions/v8/poem_04.png","21644","cdf71e6a0c4216975ee4e1a859e9f318804d2cb178fc7d7bc8406e303be875c7","","待溯源","待核实","待确认","","待核实","v8.js | v9.js","","","",""
"assets/procedure/lesions/v8/poem_05.png","22979","57898552ed7f652d1dbe64c85a4b9eb249b5807dc0ed0b3cadc7236a68a0902d","","待溯源","待核实","待确认","","待核实","v8.js | v9.js","","","",""
"assets/procedure/lesions/v8/poem_06.png","26452","dc01bd8e29be32f093b95ab219d35e46124f6a54581e450a34fda5cdae05bbd4","","待溯源","待核实","待确认","","待核实","v8.js | v9.js","","","",""
"assets/procedure/lesions/v9/clip_01_before.png","23255","ca5a9b80fd94248b260cfa2ececd535ce02d5fa743dac2efe7dcb06805216bb9","","待溯源","待核实","待确认","","待核实","v9.js","","","",""
"assets/procedure/lesions/v9/clip_02_deploy.png","24267","b9da224034f82c4a4832ccce8c968417356fb3084ef64a53c0d688031a94ef61","","待溯源","待核实","待确认","","待核实","v9.js","","","",""
"assets/procedure/lesions/v9/clip_03_after.png","24251","883d8e94aa889c00c08ad84477f02423f8b13da2406fc81f8983eed4f93e6f32","","待溯源","待核实","待确认","","待核实","v9.js","","","",""
"assets/procedure/real/ercp_01.png","101686","1f6d254f7fc62b1ccc5f59c4645d4bc89a63b6c5872bac13edfba85b5592bd81","","待溯源","待核实","待确认","","待核实","v11.js | v23.js","ERCP教程；指南链接仅作教学参考：https://www.asge.org/docs/default-source/importfiles/Education/Training_and_Core_Curriculum/doc-ercp_core_curriculum.pdf","","",""
"assets/procedure/real/ercp_02.png","112724","e66f9848c55d289da3f93fb7e4bd5190acfd4b18fb46c1dde5c09c1f86767164","","待溯源","待核实","待确认","","待核实","v11.js | v23.js","ERCP教程；指南链接仅作教学参考：https://www.asge.org/docs/default-source/importfiles/Education/Training_and_Core_Curriculum/doc-ercp_core_curriculum.pdf","","",""
"assets/procedure/real/ercp_03.png","174113","bdde12228f9ec136850a919f9dc1a252ccfc186e42920702cfdbb4689d0250f2","","待溯源","待核实","待确认","","待核实","v11.js | v23.js","ERCP教程；指南链接仅作教学参考：https://www.asge.org/docs/default-source/importfiles/Education/Training_and_Core_Curriculum/doc-ercp_core_curriculum.pdf","","",""
"assets/procedure/real/ercp_04.png","173261","a9147471e3b3cadf585a8a8a5d7210ccfa94c02eb6185de57561c5829c5defba","","待溯源","待核实","待确认","","待核实","v11.js | v23.js","ERCP教程；指南链接仅作教学参考：https://www.asge.org/docs/default-source/importfiles/Education/Training_and_Core_Curriculum/doc-ercp_core_curriculum.pdf","","",""
"assets/procedure/real/evl_01.png","58120","12c264168795205cf30a13d59b5b9017ad13264a73d0afea1f4599bf00227f00","","待溯源","待核实","待确认","","待核实","v11.js | v23.js | v8.js | v9.js","EVL教程；指南链接仅作教学参考：https://www.asge.org/home/resources/publications/journal-scan/issue/top-recommendations-for-the-diagnosis-and-management-of-esophagogastric-variceal-bleeding","","",""
"assets/procedure/real/evl_02.png","55220","cfdb673d55358117ba0546783f94690c4a5baecc3a537a90d6dbc717160cf1c7","","待溯源","待核实","待确认","","待核实","v11.js | v23.js | v8.js | v9.js","EVL教程；指南链接仅作教学参考：https://www.asge.org/home/resources/publications/journal-scan/issue/top-recommendations-for-the-diagnosis-and-management-of-esophagogastric-variceal-bleeding","","",""
"assets/procedure/real/evl_03.png","60169","b4e087941b038a9c445bd311f89d3fd7b8b0ba56b7294f323cf30c096904579b","","待溯源","待核实","待确认","","待核实","v11.js | v23.js | v8.js | v9.js","EVL教程；指南链接仅作教学参考：https://www.asge.org/home/resources/publications/journal-scan/issue/top-recommendations-for-the-diagnosis-and-management-of-esophagogastric-variceal-bleeding","","",""
"assets/procedure/real/evl_04.png","60076","5bece45cf65b681962ff3baea17b18df884078b1ae9ab752fac27f5c30cd87e7","","待溯源","待核实","待确认","","待核实","v11.js | v23.js","EVL教程；指南链接仅作教学参考：https://www.asge.org/home/resources/publications/journal-scan/issue/top-recommendations-for-the-diagnosis-and-management-of-esophagogastric-variceal-bleeding","","",""
"assets/procedure/real_v12/erat_01.jpg","48699","da15cd2a05d143ba64f45e99d289421eda18b2e58daab2c97eb8adffe0492549","","待溯源","待核实","待确认","","待核实","v12.js | v23.js","ERAT教程；指南链接仅作教学参考：https://pmc.ncbi.nlm.nih.gov/articles/PMC9329065/","","",""
"assets/procedure/real_v12/erat_02.jpg","60489","1876b4ce6843bcb3fefff578d7b08fd579c64c23edc54f50b512ce3eac028167","","待溯源","待核实","待确认","","待核实","v12.js | v23.js","ERAT教程；指南链接仅作教学参考：https://pmc.ncbi.nlm.nih.gov/articles/PMC9329065/","","",""
"assets/procedure/real_v12/erat_03.jpg","50801","dc8d8d3aeea012da8d6bc048555f6a1f85f3794cf19d0d572e73291d55ef80c2","","待溯源","待核实","待确认","","待核实","v12.js | v23.js","ERAT教程；指南链接仅作教学参考：https://pmc.ncbi.nlm.nih.gov/articles/PMC9329065/","","",""
"assets/procedure/real_v12/erat_04.jpg","34518","e930064062f710986160ac597b4db6533768505ca9028235beff08a507607f79","","待溯源","待核实","待确认","","待核实","v12.js | v23.js","ERAT教程；指南链接仅作教学参考：https://pmc.ncbi.nlm.nih.gov/articles/PMC9329065/","","",""
"assets/procedure/real_v12/erat_05.jpg","32384","99de9ce3d7ccf65a4266d0f11aca041f53b6e9dc5beefea71f1c51c30ceeadd0","","待溯源","待核实","待确认","","待核实","v12.js","","","",""
"assets/procedure/real_v12/erat_06.jpg","41168","df88338bc6bed03d1a4721f9eacca7576bd52383c797c4127600c9ae34600b6b","","待溯源","待核实","待确认","","待核实","v12.js | v23.js","ERAT教程；指南链接仅作教学参考：https://pmc.ncbi.nlm.nih.gov/articles/PMC9329065/","","",""
"assets/procedure/real_v12/erat_full.jpg","201866","33ed167423c73e6846eb4a2723359f1d0f3a3dc125caaffc67b131752e44a8cf","","待溯源","待核实","待确认","","待核实","","","","",""
"assets/procedure/real_v12/fna_01_eus.jpg","51457","f2a6eda633edc4140661a1745c5194e001b6eb9892d4c6836f9227af27894aba","","待溯源","待核实","待确认","","待核实","v12.js | v23.js","FNA教程；指南链接仅作教学参考：https://www.asge.org/home/resources/publications/guidelines/american-society-for-gastrointestinal-endoscopy-guideline-on-the-role-of-endoscopy-in-the-diagnosis-and-management-of-solid-pancreatic-masses--summary-and-recommendations | FNA教程；指南链接仅作教学参考：https://www.asge.org/home/resources/publications/guidelines/american-society-for-gastrointestinal-endoscopy-guideline-on-the-role-of-endoscopy-in-the-diagnosis-and-management-of-solid-pancreatic-masses--summary-and-recommendations","assets/procedure/real_v12/fnb_01_eus.jpg","",""
"assets/procedure/real_v12/fna_02_sample.jpg","60878","36ce0d92e0312741c7de8e6a7bf03a161918dfd8de9e8d567e24f019488b4778","","待溯源","待核实","待确认","","待核实","v12.js | v23.js","FNA教程；指南链接仅作教学参考：https://www.asge.org/home/resources/publications/guidelines/american-society-for-gastrointestinal-endoscopy-guideline-on-the-role-of-endoscopy-in-the-diagnosis-and-management-of-solid-pancreatic-masses--summary-and-recommendations；共享FNA细胞学示例，非FNB组织柱；建议用自有授权图替换","assets/procedure/real_v12/fnb_02_sample.jpg","",""
"assets/procedure/real_v12/fnb_01_eus.jpg","51457","f2a6eda633edc4140661a1745c5194e001b6eb9892d4c6836f9227af27894aba","","待溯源","待核实","待确认","","待核实","v12.js | v23.js","FNB教程；指南链接仅作教学参考：https://www.asge.org/home/resources/publications/guidelines/american-society-for-gastrointestinal-endoscopy-guideline-on-the-role-of-endoscopy-in-the-diagnosis-and-management-of-solid-pancreatic-masses--summary-and-recommendations | FNB教程；指南链接仅作教学参考：https://www.asge.org/home/resources/publications/guidelines/american-society-for-gastrointestinal-endoscopy-guideline-on-the-role-of-endoscopy-in-the-diagnosis-and-management-of-solid-pancreatic-masses--summary-and-recommendations","assets/procedure/real_v12/fna_01_eus.jpg","",""
"assets/procedure/real_v12/fnb_02_sample.jpg","60878","36ce0d92e0312741c7de8e6a7bf03a161918dfd8de9e8d567e24f019488b4778","","待溯源","待核实","待确认","","待核实","v12.js | v23.js","FNB教程；指南链接仅作教学参考：https://www.asge.org/home/resources/publications/guidelines/american-society-for-gastrointestinal-endoscopy-guideline-on-the-role-of-endoscopy-in-the-diagnosis-and-management-of-solid-pancreatic-masses--summary-and-recommendations；共享FNA细胞学示例，非FNB组织柱；建议用自有授权图替换","assets/procedure/real_v12/fna_02_sample.jpg","",""
"assets/procedure/real_v13/clip_01.jpg","36800","9357d5c8849449a4e16889a0397ecacdb3fdb0679407e1c7b6daa1e278ef94be","","待溯源","待核实","待确认","","待核实","v13.js | v14.js | v23.js","CLIP教程；指南链接仅作教学参考：https://www.asge.org/docs/default-source/education/practice_guidelines/doc-b4349a10-9b72-463e-ac70-f394c7aa20b4.pdf | CLIP教程；指南链接仅作教学参考：https://www.asge.org/docs/default-source/education/practice_guidelines/doc-b4349a10-9b72-463e-ac70-f394c7aa20b4.pdf","","",""
"assets/procedure/real_v13/clip_02.jpg","44039","0a58eeed3b092f75b9635daa6f2a6d7ced06d3947d7a02ef222d5abd44ce0cab","","待溯源","待核实","待确认","","待核实","v13.js | v14.js | v23.js","CLIP教程；指南链接仅作教学参考：https://www.asge.org/docs/default-source/education/practice_guidelines/doc-b4349a10-9b72-463e-ac70-f394c7aa20b4.pdf","","",""
"assets/procedure/real_v13/clip_03.jpg","28440","3740fde428d074a622450fbab9662697466de213a276a5f8734d272d30b9e177","","待溯源","待核实","待确认","","待核实","v13.js | v14.js | v23.js","CLIP教程；指南链接仅作教学参考：https://www.asge.org/docs/default-source/education/practice_guidelines/doc-b4349a10-9b72-463e-ac70-f394c7aa20b4.pdf","","",""
"assets/procedure/real_v13/poem_01_before.jpg","26662","fcc3194b6a68b56ab2c9bc42725624e1239ff1da765c3264410c7e5484bbafa0","","待溯源","待核实","待确认","","待核实","v13.js | v14.js","","","",""
"assets/procedure/real_v13/poem_02_injection.jpg","23217","b819ec7ebe80d383f6b7718c9b8ea49f24da7fe385d42cc50c35b2c29796d7c8","","待溯源","待核实","待确认","","待核实","v13.js | v14.js | v23.js","POEM教程；指南链接仅作教学参考：https://www.asge.org/home/resources/publications/guidelines/asge-guideline-on-the-management-of-achalasia","","",""
"assets/procedure/real_v13/poem_03_incision.jpg","22726","d1848b9bbcb38e9824925b2b7ec8e1c911b3a935ef554f02328874609f8c8f63","","待溯源","待核实","待确认","","待核实","v13.js | v14.js | v23.js","POEM教程；指南链接仅作教学参考：https://www.asge.org/home/resources/publications/guidelines/asge-guideline-on-the-management-of-achalasia","","",""
"assets/procedure/real_v13/poem_04_tunnel.jpg","23808","cbeba92fbceae204b3d7a936e12700416905e4066089abfcba7c7692a14c42d7","","待溯源","待核实","待确认","","待核实","v13.js | v14.js | v23.js","POEM教程；指南链接仅作教学参考：https://www.asge.org/home/resources/publications/guidelines/asge-guideline-on-the-management-of-achalasia","","",""
"assets/procedure/real_v13/poem_05_route.jpg","18845","9076b71f8d6583cc390f7aebe762815197a5819df240e8cc118368db437112dd","","待溯源","待核实","待确认","","待核实","v13.js | v14.js","","","",""
"assets/procedure/real_v13/poem_06_myotomy1.jpg","23835","bd79d32ef37c8133d2c77dbda31e3e8961638943dbd1fe244aed1c0bb530476b","","待溯源","待核实","待确认","","待核实","v13.js | v14.js","","","",""
"assets/procedure/real_v13/poem_07_myotomy2.jpg","25830","e91df4ea610f7024faf508e484ee05b76b30ec6c571f7b2d0f2a7baca14a8e8b","","待溯源","待核实","待确认","","待核实","v13.js | v14.js | v23.js","POEM教程；指南链接仅作教学参考：https://www.asge.org/home/resources/publications/guidelines/asge-guideline-on-the-management-of-achalasia","","",""
"assets/procedure/real_v13/poem_08_closure.jpg","23314","484dd70c7f97a7db4cd0d9ba8c391f266d93df4320a815f6b25b2303f3e2d2bb","","待溯源","待核实","待确认","","待核实","v13.js | v14.js | v23.js","POEM教程；指南链接仅作教学参考：https://www.asge.org/home/resources/publications/guidelines/asge-guideline-on-the-management-of-achalasia","","",""
"assets/procedure/tools/APC探头.png","22314","c4e8ef1d9303a276cc49e67385f0ca7376e1576397375765277ac80e5e00f9b1","","待溯源","待核实","待确认","","待核实","","","","",""
"assets/procedure/tools/APC探头_display.png","23563","21df2a6cb345b7a93cad7449eb428e0ab6009e064bd303cca0de1d0a2da88946","","待溯源","待核实","待确认","","待核实","v10.js | v11.js | v13.js | v15.js | v16.js | v17.js | v18.js | v23.js | v6.js | v7.js | v8.js | v9.js","APC探头 APC probe main；原包来源声明未核验授权","","",""
"assets/procedure/tools/APC探头_web.png","165176","ddf741d6a4d5c5494325c86e4e5f8ce376d516d32023a782967fdb0e60fe034c","","待溯源","待核实","待确认","","待核实","","","","",""
"assets/procedure/tools/Coagrasper.png","8825","b042966b34f1dc9030fbc7040bc6bc876cb9e52489f2a156ba12f31f9ac92b0b","","待溯源","待核实","待确认","","待核实","","","","",""
"assets/procedure/tools/Coagrasper_display.png","8357","9237317c37d8911276f3e29fc01f1fdaa575d9350ee490890e8379ba9cb960c9","","待溯源","待核实","待确认","","待核实","v10.js | v13.js | v14.js | v15.js | v16.js | v17.js | v23.js | v6.js | v7.js | v8.js | v9.js","","","",""
"assets/procedure/tools/DualKnife.jpg","13447","4410dbf04c3f94bce76e6203bcb8d68b5aafea62786a92903b67e2ca845bd16b","","待溯源","待核实","待确认","","待核实","","","","",""
"assets/procedure/tools/DualKnife.png","23927","17939f77768cfdfd578c44881a7fb6f07badd438d6c5454e6753da172bc3378e","","待溯源","待核实","待确认","","待核实","","","","",""
"assets/procedure/tools/DualKnife_display.png","18379","a8d151714fccc700a1884d82fbfa49c7489351fa657d53fde2cf6002ea20badd","","待溯源","待核实","待确认","","待核实","v10.js | v11.js | v13.js | v14.js | v15.js | v16.js | v17.js | v23.js | v6.js | v7.js | v8.js | v9.js","","","",""
"assets/procedure/tools/EUS针_web.png","288085","25b43141002d0c33efdc7f7ff380ba82dda7484521ad498f418582bf2a52623e","","待溯源","待核实","待确认","","待核实","","","","",""
"assets/procedure/tools/FNA穿刺针.png","10212","1eda06fbdb03f3d6cd262c3a1d4cf38ae35b66372ec8c6ba78b3cc9604df0c25","","待溯源","待核实","待确认","","待核实","","","","",""
"assets/procedure/tools/FNA穿刺针_display.png","32314","df8a9f739f93fef794807cc24c96e9a1e3880d160b07c5585914ed6034f8b870","","待溯源","待核实","待确认","","待核实","v10.js | v11.js | v12.js | v13.js | v15.js | v16.js | v17.js | v23.js | v8.js | v9.js","","","",""
"assets/procedure/tools/FNB穿刺针.png","10153","c60bba3418a997cf6d32d4a44bcc033a10863729df639d7c453a8ce0b7fc7c9b","","待溯源","待核实","待确认","","待核实","","","","",""
"assets/procedure/tools/FNB穿刺针_display.png","32283","6d5a7664e2d5f0eda4730ba8c500c975732390cadb4e2b501ae3149bd5e13bca","","待溯源","待核实","待确认","","待核实","v10.js | v11.js | v12.js | v13.js | v15.js | v16.js | v17.js | v23.js | v6.js | v9.js","","","",""
"assets/procedure/tools/official_hd/coagrasper.jpg","8396","f543d3b18ae28bf2ff9e879598df192cb8a6d77aec989067ac8d6d02bf6cdb7b","","待溯源","待核实","待确认","","待核实","","","","",""
"assets/procedure/tools/official_hd/coagrasper_detail.jpg","33693","3810cf0a6ef58c3823dc1806ed6a2dbdc85ef7767ad78f43bfbb9c4931b2d13e","","待溯源","待核实","待确认","","待核实","","","","",""
"assets/procedure/tools/official_hd/coagrasper_feature.jpeg","70017","b5080b09324290222afb680dae10cf66a319979883f87136419995bbe076ffea","https://www.olympus-medical.jp/product/hemo/coagrasper","原包声明线索，待核实","待核实","待确认","","待核实","v18.js","Coagrasper Olympus Coagrasper · FD-410LR/FD-412LR detail；原包来源声明未核验授权","","",""
"assets/procedure/tools/official_hd/coagrasper_full.png","490286","703049f659240984323dc65f983175b488d63ad45ee9456b7fe693cb3587db4b","https://www.olympus-medical.jp/product/hemo/coagrasper","原包声明线索，待核实","待核实","待确认","","待核实","v18.js","Coagrasper Olympus Coagrasper · FD-410LR/FD-412LR main；原包来源声明未核验授权","","",""
"assets/procedure/tools/official_hd/dualknife.jpg","14199","d703a1bbef8c110c2e5e4f98183e3e76421dc9cb95583008788c6969972b4ca5","","待溯源","待核实","待确认","","待核实","","","","",""
"assets/procedure/tools/official_hd/dualknife_detail.jpg","25025","006619db23b0de571d152f3a0dedf22d7aea7035242ef69931981de62f42126e","","待溯源","待核实","待确认","","待核实","","","","",""
"assets/procedure/tools/official_hd/dualknife_full.jpg","165981","88bdfbb8fd3745ace2e1e8cf4027803fab8e0adc06e0846d3b62f61f4449546e","https://www.olympus-medical.jp/product/esd/dualknife_j","原包声明线索，待核实","待核实","待确认","","待核实","v18.js","DualKnife Olympus DualKnife J · KD-655 main；原包来源声明未核验授权 | 切开刀 Olympus DualKnife J main；原包来源声明未核验授权","","",""
"assets/procedure/tools/official_hd/fna_expect.jpg","228437","b7062790d02f6e9c9d5ca4761a6b6bf302456f8ca1d22c2d26e5844ee2339421","https://www.bostonscientific.com/en-US/products/needles/endoscopic-ultrasound-fine-needle-aspiration.html","原包声明线索，待核实","待核实","待确认","","待核实","v18.js","FNA穿刺针 Expect™ Slimline EUS-FNA Needle main；原包来源声明未核验授权","","",""
"assets/procedure/tools/official_hd/fna_tip.jpg","40906","73ae95a78ea279f678237dcea76bf1fbc866f045b541616940253b7af83d5fab","https://www.bostonscientific.com/en-US/products/needles/endoscopic-ultrasound-fine-needle-aspiration.html","原包声明线索，待核实","待核实","待确认","","待核实","v18.js","FNA穿刺针 Expect™ Slimline EUS-FNA Needle detail；原包来源声明未核验授权","","",""
"assets/procedure/tools/official_hd/fnb_acquire.jpg","126532","900958bacac1f1f92e8b4e4ab10d0b6a29840066dfd4e6733e76871f725a3386","https://www.bostonscientific.com/en-US/products/needles/acquire-endoscopic-ultrasound-fine-needle.html","原包声明线索，待核实","待核实","待确认","","待核实","v18.js","FNB穿刺针 Acquire™ EUS-FNB Device main；原包来源声明未核验授权","","",""
"assets/procedure/tools/official_hd/fnb_tip.jpg","174868","62dd329599e2cc5ec0ec85c10b0eefb95c7aa54589f8361ab06f55dd945a19f6","https://www.bostonscientific.com/en-US/products/needles/acquire-endoscopic-ultrasound-fine-needle.html","原包声明线索，待核实","待核实","待确认","","待核实","v18.js","FNB穿刺针 Acquire™ EUS-FNB Device detail；原包来源声明未核验授权","","",""
"assets/procedure/tools/official_hd/injection_interject.jpg","92497","f5bac141d44156edf25659826d4b2280cb6bfd4163afc2e813f89e330d230e53","https://www.bostonscientific.com/en-US/products/needles/interject-sclerotherapy-needles.html","原包声明线索，待核实","待核实","待确认","","待核实","v18.js","注射针 Interject™ Injection Therapy Needle Catheter main；原包来源声明未核验授权","","",""
"assets/procedure/tools/official_hd/injection_tip.jpg","14048","531cab918d60d1aa93e678ae493094c9dc3c4eaf1ad95d4ca96fddcd04f6a0b9","https://www.bostonscientific.com/en-US/products/needles/interject-sclerotherapy-needles.html","原包声明线索，待核实","待核实","待确认","","待核实","v18.js","注射针 Interject™ Injection Therapy Needle Catheter detail；原包来源声明未核验授权","","",""
"assets/procedure/tools/official_hd/irrigation_catheter.jpg","83134","13b8559a3844852c0472d7d7da5c670c91a359d83f23429d8cfad57a45479dff","https://www.cookmedical.com/products/esc_gtii_webds/","原包声明线索，待核实","待核实","待确认","","待核实","v18.js","冲洗导管 Cook Medical Glo-Tip® II Double Lumen ERCP Catheter main；原包来源声明未核验授权","","",""
"assets/procedure/tools/official_hd/ligator.jpg","231628","5f353baec03dd072c317226570e60e2084dcdaf8edf32becf6099a8211724c77","https://www.bostonscientific.com/en-US/products/band-ligator/speedband-superview-super-7.html","原包声明线索，待核实","待核实","待确认","","待核实","v18.js","套扎器 Speedband Superview Super 7™ main；原包来源声明未核验授权","","",""
"assets/procedure/tools/official_hd/ligator_detail.jpg","309744","afc9df6db830a018fa9d3de69fc443d2c5521521c8a38174d2666635549b1c72","https://www.bostonscientific.com/en-US/products/band-ligator/speedband-superview-super-7.html","原包声明线索，待核实","待核实","待确认","","待核实","v18.js","套扎器 Speedband Superview Super 7™ detail；原包来源声明未核验授权","","",""
"assets/procedure/tools/official_hd/snare.jpg","92577","2c7feb42f54022a6014519710f490c09aa076727321aa8386a0c652772a3bc07","","待溯源","待核实","待确认","","待核实","v14.js | v15.js | v16.js | v23.js | v7.js | v8.js | v9.js","","","",""
"assets/procedure/tools/official_hd/snare_photo.jpg","29112","784b3a0204611f59ae3944dcc09edf47ed3c86f9acdb20c110a77edad119b9a4","https://www.bostonscientific.com/en-US/products/snares/captivator-II-single-use-snare.html","原包声明线索，待核实","待核实","待确认","","待核实","v18.js","圈套器 Captivator™ II Single-Use Snare main；原包来源声明未核验授权","","",""
"assets/procedure/tools/official_hd/sphincterotome.jpg","6367","419915573b6af837dc5973dbde14b8f8ebf5bbbdb5bcd452c05eb8d775461df2","","待溯源","待核实","待确认","","待核实","","","","",""
"assets/procedure/tools/official_hd/sphincterotome_detail1.jpg","36880","fb25680ab38a754ae33927bd9978783db0aa8b1a5d5c7be663a5c051b274319e","https://www.olympus-medical.jp/product/ercp_papilla/clevercut3v","原包声明线索，待核实","待核实","待确认","","待核实","v18.js","乳头切开刀 Olympus CleverCut 3 V detail；原包来源声明未核验授权","","",""
"assets/procedure/tools/official_hd/sphincterotome_detail2.jpg","58899","fd585282200c731cbdb4bd85af2d5986b1fed2c388743b5093347672360d8f56","","待溯源","待核实","待确认","","待核实","","","","",""
"assets/procedure/tools/official_hd/sphincterotome_full.jpg","182823","67600b210bc7708c237691345ccf0646361576a4222f9c4de794d6811ed7bca5","https://www.olympus-medical.jp/product/ercp_papilla/clevercut3v","原包声明线索，待核实","待核实","待确认","","待核实","v18.js","乳头切开刀 Olympus CleverCut 3 V main；原包来源声明未核验授权","","",""
"assets/procedure/tools/official_hd/stone_balloon.jpg","428447","802aca75696dc5018908f1bb1ee42981d313827fa99486c5489dd0865e6e87a5","https://www.bostonscientific.com/en-US/products/Balloons-Dilation-Extraction/extractor-pro-rx-retrieval_balloons.html","原包声明线索，待核实","待核实","待确认","","待核实","v18.js","取石球囊 Extractor™ Pro Retrieval Balloon Catheter main；原包来源声明未核验授权","","",""
"assets/procedure/tools/official_hd/tunnel_detail.jpg","24221","2f20fa5b67d8f23a0c0ca6649d7c25d6e737423cac6aa691d480c916cd86087f","","待溯源","待核实","待确认","","待核实","","","","",""
"assets/procedure/tools/official_hd/tunnel_feature2.png","299192","ddae8e89a2b48fa435449719f4d6c7df5619d37cf0f74f76b2b10602305504c5","","待溯源","待核实","待确认","","待核实","","","","",""
"assets/procedure/tools/official_hd/tunnel_full.jpeg","82154","5fcfedfcb9da44a123ba64c726ac2062485a70dd5caaff284535bc4a5823398e","https://www.olympus-medical.jp/product/esd/triangle_tip_knife_j","原包声明线索，待核实","待核实","待确认","","待核实","v18.js","隧道刀 Olympus TriangleTipKnife J · KD-645L main；原包来源声明未核验授权","","",""
"assets/procedure/tools/official_hd/tunnel_knife.jpg","4597","3532104b03082e00e89e9ee0b076b6b19c687e31f2ae50766db0da84aca00db3","https://www.olympus-medical.jp/product/esd/triangle_tip_knife_j","原包声明线索，待核实","待核实","待确认","","待核实","v18.js","隧道刀 Olympus TriangleTipKnife J · KD-645L detail；原包来源声明未核验授权","","",""
"assets/procedure/tools/official_hd/tunnel_tip.png","274018","ada0fdeb52e3f2864014679cfc5c761cb43101471423442e92aba2a65d0b8593","","待溯源","待核实","待确认","","待核实","","","","",""
"assets/procedure/tools/snare_real.jpg","30400","a7af4ab6ab7a39a089ac1598cf3bf280114481b28c2f9f0249c2ad701f3ae4b9","","待溯源","待核实","待确认","","待核实","","","","",""
"assets/procedure/tools/乳头切开刀.png","22859","1be8ab076900e52248d75bb4663940c89ef9c5ef53c67a6718b624d63fadbef8","","待溯源","待核实","待确认","","待核实","","","","",""
"assets/procedure/tools/乳头切开刀_display.png","15526","693c2e046d24dc0f7ef97d58e1c18f6d69cab46545ffc88f6cf1e59a3c66b6bd","","待溯源","待核实","待确认","","待核实","v10.js | v11.js | v15.js | v16.js | v17.js | v23.js | v8.js | v9.js","","","",""
"assets/procedure/tools/冲洗导管.png","5351","aae3fb9e693238aec7fbcf655b02a082a20e28d0f35234589279dac5c893290e","","待溯源","待核实","待确认","","待核实","","","","",""
"assets/procedure/tools/冲洗导管_display.png","6271","6c0ab7208b81b2f184eb2c0c83433524ad36c978aa9c4e9f292d11a398bc7778","","待溯源","待核实","待确认","","待核实","v10.js | v12.js | v15.js | v16.js | v17.js | v23.js | v8.js | v9.js","","","",""
"assets/procedure/tools/切开刀.png","23959","2bb599a40bf629f8f681c692056d66ccc24e767717d92b85d6ea0cf2b18f6d94","","待溯源","待核实","待确认","","待核实","","","","",""
"assets/procedure/tools/切开刀_display.png","15932","3073784040207eb9a4d4547e18ec54a9200d44dd11f68932ed0cb06fa2e1dcfc","","待溯源","待核实","待确认","","待核实","v10.js | v11.js | v15.js | v16.js | v17.js | v23.js | v8.js | v9.js","","","",""
"assets/procedure/tools/取石球囊.png","29562","156ea3ce37f161339963938155fd1017f0caa3057b562fd0f827e9ef019aeff7","","待溯源","待核实","待确认","","待核实","","","","",""
"assets/procedure/tools/取石球囊_display.png","17620","ef0abc806a458681bf3d1e31891af8d6a4298b5c81cb2f4b123e3bc31d190d16","","待溯源","待核实","待确认","","待核实","v10.js | v11.js | v12.js | v13.js | v15.js | v16.js | v17.js | v23.js | v6.js | v8.js | v9.js","","","",""
"assets/procedure/tools/圈套器.png","47484","ea012d4de562dd25039598569a73fb212cf2f9a7589e50142f08006854b287ce","","待溯源","待核实","待确认","","待核实","","","","",""
"assets/procedure/tools/圈套器_display.png","10177","562e2a4affda9913d5384e43f875e41558a88184f210cb768c27074ccada4713","","待溯源","待核实","待确认","","待核实","v10.js | v11.js | v13.js | v14.js | v15.js | v16.js | v17.js | v23.js | v6.js | v7.js | v8.js | v9.js","","","",""
"assets/procedure/tools/圈套器_web.png","69764","747c4c91f2dcfd1caef06bbb034208de3bb1eedd74297c26ca464c3f7fbf3cb9","","待溯源","待核实","待确认","","待核实","","","","",""
"assets/procedure/tools/套扎器.png","24877","be3b13ee07914b0d5faad6a77531712528c3fc54557951ba68f8cf271e1efc12","","待溯源","待核实","待确认","","待核实","","","","",""
"assets/procedure/tools/套扎器.webp","6308","ba35f3746778ad8283995a6f43731feb63a06edc759ab42c75623e56dd25c737","","待溯源","待核实","待确认","","待核实","","","","",""
"assets/procedure/tools/套扎器_display.png","16402","6f5e2610a91316319ec2c21139ab0109a449d76804fc643468eae352ea432a56","","待溯源","待核实","待确认","","待核实","v10.js | v11.js | v13.js | v15.js | v16.js | v17.js | v23.js | v8.js | v9.js","","","",""
"assets/procedure/tools/导丝.png","22567","28876759058d848e8b9a34c991f21773d12880481f428700180c87aa32ba1b98","","待溯源","待核实","待确认","","待核实","","","","",""
"assets/procedure/tools/导丝_display.png","35689","a45d65ced16367e57aa47f92a81026e750f46a4bc1e023db10f1ce8999af9214","","待溯源","待核实","待确认","","待核实","v10.js | v11.js | v12.js | v13.js | v15.js | v16.js | v17.js | v18.js | v23.js | v6.js | v8.js | v9.js","导丝 ERCP guidewire main；原包来源声明未核验授权","","",""
"assets/procedure/tools/导丝_web.png","263852","3fc36ae8a1b23cf5997ff6f698f6a58ff72fae446a70a410a006fd2c3e486218","","待溯源","待核实","待确认","","待核实","","","","",""
"assets/procedure/tools/止血夹.png","8375","95e92dffd7c33ba9b8582f6bc1028a190541591f035b36c36a1140778879fcba","","待溯源","待核实","待确认","","待核实","","","","",""
"assets/procedure/tools/止血夹_display.png","810999","998a62085085cd6b1564af762a6db475ef3a6a384f13169568cc6cefd8ce3db0","","待溯源","待核实","待确认","","待核实","v10.js | v11.js | v12.js | v13.js | v14.js | v15.js | v16.js | v17.js | v18.js | v23.js | v6.js | v7.js | v8.js | v9.js","止血夹 Endoscopic clip main；原包来源声明未核验授权","","",""
"assets/procedure/tools/止血夹_web.png","231104","62e0b5da909bbba2ff3afc4aaf90008a67370b947d69c548ad0647bd99ac745c","","待溯源","待核实","待确认","","待核实","","","","",""
"assets/procedure/tools/注射针.png","9948","5a1e1af06c3cc993dc28354fd3da2663b4891537fc02ea4e11ce8f43d3b85b27","","待溯源","待核实","待确认","","待核实","","","","",""
"assets/procedure/tools/注射针.webp","4006","bebff2696d219a12eee5bd73f28560509a84d9678fdc132440627751533699a8","","待溯源","待核实","待确认","","待核实","","","","",""
"assets/procedure/tools/注射针_display.png","11085","6d7a4cdea21ee3141712cd39c6e550290db6b679abf5d377007f7e2fdefc7f45","","待溯源","待核实","待确认","","待核实","v10.js | v11.js | v13.js | v14.js | v15.js | v16.js | v17.js | v23.js | v6.js | v7.js | v8.js | v9.js","","","",""
"assets/procedure/tools/注射针_web.png","73253","2236a9971a2886c5a5690a63ca89d41280aaacd934c26f999b7f78be2d82a0fb","","待溯源","待核实","待确认","","待核实","","","","",""
"assets/procedure/tools/隧道刀.jpg","13623","0896949e864699e9b92590320499265a409e225c0a1e9554525e12bfef66624b","","待溯源","待核实","待确认","","待核实","","","","",""
"assets/procedure/tools/隧道刀.png","23743","d3e359a83ba8e8f25220a1b36fd7b753510c8aae5d4056532fb633046edda67e","","待溯源","待核实","待确认","","待核实","","","","",""
"assets/procedure/tools/隧道刀_display.png","16069","e035fc36cb63321a95519fdaf890e373d5671f26796ae330bf54987fe0c1c3a6","","待溯源","待核实","待确认","","待核实","v10.js | v11.js | v13.js | v15.js | v16.js | v17.js | v23.js | v6.js | v8.js | v9.js","","","",""
"assets/stomach_cardia.jpg","161580","802a7b5ed97589c78d022ec795dcf295bf03f257fb976a35048d545b058c2537","https://commons.wikimedia.org/wiki/File:Stomach_endoscopy_3.jpg","原包声明线索，待核实","待核实","待确认","","待核实","v4_data.js","cardiaVerified · Ignis · CC BY-SA 3.0 · Wikimedia Commons","","",""
"assets/stomach_pylorus.jpg","161302","77c35e2178b3fe5a4ac742b955f85bcea7fdcaec055698740179117b4382ab03","https://commons.wikimedia.org/wiki/File:Stomach_endoscopy_1.jpg","原包声明线索，待核实","待核实","待确认","","待核实","v4_data.js","pylorusVerified · Ignis · CC BY-SA 3.0 · Wikimedia Commons","","",""
"v7_stage_montage.jpg","268526","77fee3f6f63162bd2d4bfe589ff5a31dd1265b627a3d2e5762ff7b59437c0ab5","","待溯源","待核实","待确认","","待核实","","","","",""